{"cameraMode":{"drawMode":0,"name":"Shaded","section":"Shading Mode"},"sceneLighting":true,"audioPlay":false,"sceneViewState":{"showFog":true,"showMaterialUpdate":true,"showSkybox":true,"showFlares":true,"showImageEffects":true,"showParticleSystems":true},"in2DMode":false,"pivot":{"x":69.64997100830078,"y":7.124741554260254,"z":-14.32243537902832},"rotation":{"x":-0.060793906450271609,"y":0.9391959309577942,"z":-0.23671671748161317,"w":-0.24120593070983888},"size":10.389666557312012,"orthographic":false}