{"cameraMode":{"drawMode":0,"name":"Shaded","section":"Shading Mode"},"sceneLighting":false,"audioPlay":false,"sceneViewState":{"showFog":true,"showMaterialUpdate":true,"showSkybox":false,"showFlares":true,"showImageEffects":true,"showParticleSystems":true},"in2DMode":false,"pivot":{"x":-13.979999542236329,"y":3.799999952316284,"z":47.130001068115237},"rotation":{"x":0.22810141742229463,"y":0.3564321994781494,"z":-0.09018100798130036,"w":0.9015505313873291},"size":2.3047308921813967,"orthographic":false}